{
    "introduction":"This quiz tests you about foo and goo", 
    "questions":[
        {"question":"Upon approaching a Yield sign, what does the law require drivers to do?", 
         "answers":["Speed up and force their way into oncoming traffic",
         	"Stop, then enter oncoming traffic quickly",
         	"Stop, then enter oncoming traffic slowly",
         	"Slow down, stop if necessary, and proceed only when the way is clear"],
         "correct":3},




        {"question":"Are drivers responsible for their passengers buckling up?", 
         "answers":["Only if the passengers are in the back seat",
         	"Only if the passengers are over 16 years of age",
         	"Only if the passengers are under 16 years of age",
         	"Only if the passengers are in the front seat!"],
         "correct":2},






        {"question":"When arriving at an intersection which has no stop line, crosswalk or sidewalk, where must drivers stop?", 
         "answers":["Right before the stop sign",
         	"Right beside the stop sign",
         	"At the edge of the intersection",
         	"A little into the intersection!"],
         "correct":2},





        {"question":"When towing a trailer or boat, the driver of a motor vehicle is not permitted to carry the following in the trailer or boat:", 
         "answers":["Firearms",
         	"Flammable materials",
         	"Camping equipment",
         	"People!"],
         "correct":3},




        {"question":"A white arrow painted on a lane means....?", 
         "answers":["Move into the far left or far right lane as soon as the way is clear",
         	"Stop before the arrow and yield to pedestrians",
         	"It shows where you must stop",
         	"You may move only in the direction of the arrow!"],
         "correct":3},




        {"question":"Why must a vehicle undergo emission testing?", 
         "answers":["Because the vehicle may be grossly polluting the environment",
         	"All answers are correct",
         	"Because the vehicle is past a certain age",
         	"Because the vehicle registration needs to be renewed!"],
         "correct":1},




        {"question":"As you approach the curve....?", 
         "answers":["Stop before entering",
         	"Slam on your brakes",
         	"Try to determine the safe speed for it",
         	"Speed up!"],
         "correct":2},




        {"question":"Where there are no posted speed limits, the maximum speed in cities, towns and villages is:", 
         "answers":["60km/h",
         	"40km/h",
         	"30km/h",
         	"50km/h!"],
         "correct":3},




        {"question":"When parked facing uphill with a curb:", 
         "answers":["Turn the steering wheel to the left",
         	"Turn the steering wheel to the right",
         	"The front wheels must be parallel to the curb",
         	"The direction of the wheels doesn’t matter as long as the parking brake is set!"],
         "correct":3},




        {"question":"A flashing red beacon above an intersection means:", 
         "answers":["Signal light is out of order, proceed with caution",
         	"Slow down and if necessary yield right-of-way to vehicles approaching from the left or right",
         	"Drivers must come to a complete stop and move through the intersection only when it is safe to do so",
         	"Slow down and drive with increased caution!"],
         "correct":2},




         {"question":"Upon approaching a Yield sign, what does the law require drivers to do?", 
         "answers":["Speed up and force their way into oncoming traffic",
         	"Stop, then enter oncoming traffic quickly",
         	"Stop, then enter oncoming traffic slowly",
         	"Slow down, stop if necessary, and proceed only when the way is clear"],
         "correct":3},




        {"question":"Are drivers responsible for their passengers buckling up?", 
         "answers":["Only if the passengers are in the back seat",
         	"Only if the passengers are over 16 years of age",
         	"Only if the passengers are under 16 years of age",
         	"Only if the passengers are in the front seat!"],
         "correct":2},






        {"question":"When arriving at an intersection which has no stop line, crosswalk or sidewalk, where must drivers stop?", 
         "answers":["Right before the stop sign",
         	"Right beside the stop sign",
         	"At the edge of the intersection",
         	"A little into the intersection!"],
         "correct":2},





        {"question":"When towing a trailer or boat, the driver of a motor vehicle is not permitted to carry the following in the trailer or boat:", 
         "answers":["Firearms",
         	"Flammable materials",
         	"Camping equipment",
         	"People!"],
         "correct":3},




        {"question":"A white arrow painted on a lane means....?", 
         "answers":["Move into the far left or far right lane as soon as the way is clear",
         	"Stop before the arrow and yield to pedestrians",
         	"It shows where you must stop",
         	"You may move only in the direction of the arrow!"],
         "correct":3},




        {"question":"Why must a vehicle undergo emission testing?", 
         "answers":["Because the vehicle may be grossly polluting the environment",
         	"All answers are correct",
         	"Because the vehicle is past a certain age",
         	"Because the vehicle registration needs to be renewed!"],
         "correct":1},




        {"question":"As you approach the curve....?", 
         "answers":["Stop before entering",
         	"Slam on your brakes",
         	"Try to determine the safe speed for it",
         	"Speed up!"],
         "correct":2},




        {"question":"Where there are no posted speed limits, the maximum speed in cities, towns and villages is:", 
         "answers":["60km/h",
         	"40km/h",
         	"30km/h",
         	"50km/h!"],
         "correct":3},




        {"question":"When parked facing uphill with a curb:", 
         "answers":["Turn the steering wheel to the left",
         	"Turn the steering wheel to the right",
         	"The front wheels must be parallel to the curb",
         	"The direction of the wheels doesn’t matter as long as the parking brake is set!"],
         "correct":3},




        {"question":"A flashing red beacon above an intersection means:", 
         "answers":["Signal light is out of order, proceed with caution",
         	"Slow down and if necessary yield right-of-way to vehicles approaching from the left or right",
         	"Drivers must come to a complete stop and move through the intersection only when it is safe to do so",
         	"Slow down and drive with increased caution!"],
         "correct":2}

    ]
}